{
  "key": "meng",
  "userLon": 104.066301,
  "userLat": 30.572961
}